ID,Tag
9,Returner
12,Returner
14,Returner
17,Returner
25,Returner
39,Returner
53,Returner
61,Returner
62,Returner
72,Returner
75,Returner
83,Returner
84,Returner
85,Returner
99,Returner
101,Returner
102,Returner
104,Returner
115,Returner
117,Returner
121,Returner
122,Returner
124,Returner
137,Returner
145,Returner
147,Returner
154,Returner
163,Returner
166,Returner
167,Returner
168,Returner
170,Returner
172,Returner
173,Returner
178,Returner
183,Returner
184,Returner
185,Returner
186,Returner
189,Returner
198,Returner
200,Returner
201,Returner
213,Returner
217,New
218,Returner
219,New
220,New
221,New
222,Returner
223,New
224,New
225,Returner
226,New
227,New
228,New
229,New
230,New
231,New
232,New
233,New
234,New
235,New
236,New
237,New
238,New
239,New
240,New
241,New
242,New
243,New
244,New
245,New
246,New
247,New
248,New
250,New
251,New
253,New
254,New
255,New
256,Returner
259,New
262,New
00AC,New
00AK,New
00AQ,New
00AT,New
00AZ,New
00BH,New
00BI,New
00BJ,New
00BK,New
00BM,New
00BN,New
00BQ,New
00CI,New
00CK,Returner